trial_index,stage,name,status,failure_class,seconds,intended_tokens,completed_tokens,completion_fraction,final_eval_main_loss,best_eval_main_loss,median_tokens_per_second,trainable_parameters,active_parameters_estimate,ffn_type,kda_layers,latent_attention_layers,mtp_depth,gpu_util_mean_pct,gpu_util_median_pct,gpu_util_active_median_pct,gpu_util_p90_pct,gpu_power_median_w,gpu_power_min_w,gpu_sm_clock_median_mhz,gpu_sm_clock_min_mhz,gpu_mem_used_median_mib,gpu_temp_median_c,child_pid,power_event_note,interpretation_guardrail
0,validation,core-tests,ok,,4.569295410001359,,,,,,,,,,,,,0.0,0.0,,0.0,4.09,4.09,210.0,210.0,14.0,45.0,40346,,SYSTEM/INTEGRATION evidence; not a model-quality conclusion.
1,data,prepare-proxy,ok,,33.00378031999935,,,,,,,,,,,,,0.0,0.0,,0.0,4.06,4.02,210.0,210.0,14.0,47.0,40652,,SYSTEM/INTEGRATION evidence; not a model-quality conclusion.
2,absorbed-mla,A1-reconstructed,ok,,8.374522728001466,,,,,,6838.288000912016,517543721,517543721,dense,23,7,0,0.5,0.5,,0.9,12.6,4.05,1020.0,210.0,857.0,46.0,41004,,SYSTEM/INTEGRATION evidence; not a model-quality conclusion.
3,absorbed-mla,B1-absorbed,ok,,8.123761219001608,,,,,,7170.992760039337,517543721,517543721,dense,23,7,0,2.0,2.0,,3.6,12.645000000000001,4.03,1020.0,210.0,858.0,47.0,41215,,SYSTEM/INTEGRATION evidence; not a model-quality conclusion.
4,absorbed-mla,B2-absorbed,ok,,8.367274478998297,,,,,,7156.207661980221,517543721,517543721,dense,23,7,0,0.5,0.5,,0.9,16.71,12.16,1080.0,330.0,858.0,47.5,41413,,SYSTEM/INTEGRATION evidence; not a model-quality conclusion.
5,absorbed-mla,A2-reconstructed,ok,,8.371488353001041,,,,,,6847.400366714718,517543721,517543721,dense,23,7,0,0.0,0.0,,0.0,16.439999999999998,11.93,1072.5,315.0,857.0,47.5,41696,,SYSTEM/INTEGRATION evidence; not a model-quality conclusion.
6,context,dense-absorbed-mtp0-8192,ok,,10.127939649999462,,,,,,6556.467812127923,517543721,517543721,dense,23,7,0,1.5,1.5,,2.7,12.83,4.18,1072.5,315.0,857.0,48.0,41895,,SYSTEM/INTEGRATION evidence; not a model-quality conclusion.
7,context,dense-absorbed-mtp0-16384,ok,,15.180608866001421,,,,,,5702.569883705352,517543721,517543721,dense,23,7,0,33.666666666666664,1.0,100.0,80.2,21.5,11.93,1830.0,330.0,1702.0,50.0,42102,,SYSTEM/INTEGRATION evidence; not a model-quality conclusion.
8,context,dense-absorbed-mtp0-32768,ok,,27.365578965000168,,,,,,4648.923401196665,517543721,517543721,dense,23,7,0,68.33333333333333,100.0,100.0,100.0,132.85999999999999,12.33,2400.0,210.0,7077.0,77.0,42409,,SYSTEM/INTEGRATION evidence; not a model-quality conclusion.
9,context,dense-absorbed-mtp0-65536,oom,cuda_oom,21.065369042000384,,,,,,,517543721,517543721,dense,23,7,0,38.0,36.0,57.0,81.0,67.07,12.46,2400.0,225.0,2682.0,58.0,42698,,INCOMPLETE/FAILURE: never compare final quality as if full-budget.
10,context-moe,grouped-absorbed-mtp0-4096,ok,,9.113789525999891,,,,,,5936.004784554209,833652521,424904489,moe,23,7,0,0.5,0.5,,0.9,16.794999999999998,11.76,1020.0,210.0,1468.0,51.0,43030,,SYSTEM/INTEGRATION evidence; not a model-quality conclusion.
11,context-moe,grouped-absorbed-mtp0-8192,oom,cuda_oom,7.613906268001301,,,,,,,833652521,424904489,moe,23,7,0,0.0,0.0,,0.0,17.185,12.22,1020.0,210.0,1468.0,50.5,43228,,INCOMPLETE/FAILURE: never compare final quality as if full-budget.
12,sparse,native-nsa-surrogate,ok,,14.698858780000592,,,,,,,,,,,,,0.0,0.0,,0.0,4.1,4.07,210.0,210.0,14.0,48.0,43420,,SYSTEM/INTEGRATION evidence; not a model-quality conclusion.
13,arch-screen,dense-kda3,ok,,383.3958918370008,4194304,4194304,1.0,6.76171875,6.76171875,14536.099111990832,198240216,198240216,dense,18,6,0,61.3421052631579,72.0,74.0,85.5,110.02,4.15,2400.0,210.0,4058.0,76.0,43626,,"SCREEN ONLY (~4.19M tokens, seq 2K); do not treat as final architecture verdict."
14,arch-screen,dense-all-kda,ok,,304.61600274300145,4194304,4194304,1.0,7.5078125,7.2734375,14142.05107844815,200272416,200272416,dense,24,0,0,72.65573770491804,73.0,73.5,88.0,113.72,12.65,2400.0,390.0,4092.0,85.0,45668,,"SCREEN ONLY (~4.19M tokens, seq 2K); do not treat as final architecture verdict."
15,arch-screen,latentmoe-kda3,ok,,531.9460615960015,4194304,4194304,1.0,6.76953125,6.76953125,8064.7401906970845,425592792,198510552,latent_moe,18,6,0,56.56603773584906,59.0,59.0,72.0,84.045,12.7,2415.0,630.0,5782.0,69.0,47258,,"SCREEN ONLY (~4.19M tokens, seq 2K); do not treat as final architecture verdict."
16,arch-screen,dense-kda7,ok,,301.01210631700087,4194304,4194304,1.0,6.7578125,6.7578125,14327.860909900915,199256316,199256316,dense,21,3,0,73.71666666666667,75.0,75.0,88.1,113.975,12.38,2400.0,375.0,4048.0,84.0,50903,,"SCREEN ONLY (~4.19M tokens, seq 2K); do not treat as final architecture verdict."
17,arch-screen,dense-kda1,ok,,288.62246348400004,4194304,4194304,1.0,6.79296875,6.79296875,14941.900877482387,196208016,196208016,dense,12,12,0,77.52631578947368,79.0,79.0,90.4,112.99,12.82,2400.0,405.0,3960.0,86.0,52384,,"SCREEN ONLY (~4.19M tokens, seq 2K); do not treat as final architecture verdict."
18,arch-screen,moe-grouped-kda3,ok,,447.9772745299997,4194304,4194304,1.0,6.71484375,6.71484375,9552.219913017612,415725528,201619416,moe,18,6,0,60.95505617977528,63.0,63.0,76.2,94.92,12.74,2400.0,405.0,5588.0,76.0,53792,,"SCREEN ONLY (~4.19M tokens, seq 2K); do not treat as final architecture verdict."
19,arch-screen,dense-all-mla,ok,,268.92604312500043,4194304,4194304,1.0,6.046875,6.046875,15928.648426537235,192143616,192143616,dense,0,24,0,82.53703703703704,84.0,84.0,91.0,113.695,12.48,2340.0,330.0,3848.0,86.5,56244,,"SCREEN ONLY (~4.19M tokens, seq 2K); do not treat as final architecture verdict."
20,arch-screen,dense-gdn2-hybrid,ok,,416.94568734800123,4194304,4194304,1.0,6.7734375,6.7734375,13568.553865958753,219307992,219307992,dense,0,6,0,63.59036144578313,74.0,77.0,92.8,114.57,12.63,2400.0,465.0,5686.0,85.0,57601,,"SCREEN ONLY (~4.19M tokens, seq 2K); do not treat as final architecture verdict."
21,arch-screen,stable-latentmoe-kda3,ok,,535.0482229789995,4194304,4194304,1.0,6.76953125,6.76953125,8012.889639807047,425597016,198510552,latent_moe,18,6,0,58.12264150943396,61.0,61.0,73.0,84.975,12.78,2415.0,210.0,5934.0,72.0,59737,,SCREEN ONLY; implementation was not faithful to Kimi K3 Stable LatentMoE.
22,arch-screen,attnres-dense-kda3,ok,,366.12304300600226,4194304,4194304,1.0,7.2109375,7.2109375,12820.038245625281,198315480,198315480,dense,18,6,0,76.56164383561644,76.0,77.0,93.8,113.14,16.25,2400.0,555.0,4888.0,84.0,62245,,"SCREEN ONLY (~4.19M tokens, seq 2K); do not treat as final architecture verdict."
23,arch-screen,dense-kda3-repeat,ok,,295.2025622550027,4194304,4194304,1.0,6.7734375,6.7734375,14703.510003118197,198240216,198240216,dense,18,6,0,75.7457627118644,77.0,77.0,90.2,113.5,12.7,2400.0,210.0,4026.0,86.0,64128,,"SCREEN ONLY (~4.19M tokens, seq 2K); do not treat as final architecture verdict."
24,lr-sweep,dense-kda3-lr2e-4,ok,,583.6030791649973,8388608,8388608,1.0,6.953125,6.953125,14677.558059504892,198240216,198240216,dense,18,6,0,77.56896551724138,77.0,77.0,90.0,113.42,12.64,2400.0,330.0,4026.0,86.0,65745,,LR-local evidence only; architecture/backend confounds remain.
25,lr-sweep,dense-all-mla-lr2e-4,ok,,540.2714172769993,8388608,8388608,1.0,6.140625,6.0,15734.670634671082,192143616,192143616,dense,0,24,0,81.38317757009345,83.0,83.0,90.0,112.55,12.8,2355.0,390.0,3848.0,86.0,68532,,LR-local evidence only; architecture/backend confounds remain.
26,lr-sweep,dense-kda1-lr2e-4,error,non_finite_loss_nan,289.1504131340007,8388608,4194304,0.5,6.71875,6.71875,15174.78901252356,196208016,196208016,dense,12,12,0,76.29310344827586,78.5,79.0,90.0,114.58,12.57,2400.0,255.0,3960.0,86.0,71119,,INCOMPLETE/FAILURE: never compare final quality as if full-budget.
27,lr-sweep,dense-kda3-lr3e-4,ok,,607.8999500659993,8388608,8388608,1.0,6.69140625,6.6171875,13967.099451865866,198240216,198240216,dense,18,6,0,73.54545454545455,75.0,75.0,89.0,111.52,12.75,2400.0,375.0,4026.0,81.0,72565,,LR-local evidence only; architecture/backend confounds remain.
28,lr-sweep,dense-all-mla-lr3e-4,ok,,546.4071843190031,8388608,8388608,1.0,6.0,5.83984375,15763.119151002329,192143616,192143616,dense,0,24,0,79.20370370370371,80.0,80.0,89.3,115.97,12.46,2400.0,285.0,3848.0,85.0,78704,"User-reported brief AC unplug; telemetry confirms two ~5s samples at ~55W/1185MHz and ~54W/870MHz, followed by immediate recovery. Full token budget/checkpoint completed.",LR-local evidence only; architecture/backend confounds remain.
29,lr-sweep,dense-kda1-lr3e-4,ok,,565.76466239,8388608,8388608,1.0,6.5625,6.48828125,15112.391271229917,196208016,196208016,dense,12,12,0,78.90178571428571,78.0,78.0,90.0,115.42,12.61,2400.0,390.0,3960.0,85.0,82535,,LR-local evidence only; architecture/backend confounds remain.
30,lr-sweep,dense-kda3-lr4e-4,error,non_finite_loss_nan,324.8512080820001,8388608,4587520,0.546875,6.69921875,6.69921875,14435.872154248233,198240216,198240216,dense,18,6,0,76.56923076923077,77.0,79.0,89.0,113.97,12.77,2400.0,375.0,4026.0,83.0,85437,,INCOMPLETE/FAILURE: never compare final quality as if full-budget.
31,lr-sweep,dense-all-mla-lr4e-4,ok,,559.2134030279994,8388608,8388608,1.0,5.91015625,5.7421875,14953.353793385982,192143616,192143616,dense,0,24,0,77.45945945945945,77.0,77.0,89.0,113.42,12.63,2400.0,615.0,3848.0,85.0,87145,,LR-local evidence only; architecture/backend confounds remain.
32,lr-sweep,dense-kda1-lr4e-4,ok,,623.1772912710003,8388608,8388608,1.0,6.42578125,6.41015625,13713.61068461348,196208016,196208016,dense,12,12,0,70.20325203252033,70.0,70.5,85.8,106.18,12.8,2400.0,390.0,3960.0,79.0,90350,,LR-local evidence only; architecture/backend confounds remain.
33,confirmation,dense-all-mla-confirm-s1337,ok,,1115.2792216460002,16777216,16777216,1.0,5.9921875,5.328125,15235.469238440197,192143616,192143616,dense,0,24,0,78.12217194570135,77.0,77.0,89.0,111.89,12.84,2400.0,405.0,3848.0,81.0,93501,,MODERATE short-context proxy evidence; still <1 proxy epoch and not long-context evidence.
34,confirmation,dense-all-mla-confirm-s2027,ok,,1118.2790335809987,16777216,16777216,1.0,5.984375,5.3046875,15170.117924299364,192143616,192143616,dense,0,24,0,77.18099547511312,76.0,76.0,88.0,112.62,12.57,2400.0,390.0,3848.0,82.0,99472,,MODERATE short-context proxy evidence; still <1 proxy epoch and not long-context evidence.
35,confirmation,dense-kda1-confirm-s1337,ok,,1231.2054657879999,16777216,16777216,1.0,6.19140625,5.5859375,13807.760468815843,196208016,196208016,dense,12,12,0,71.48971193415638,72.0,72.0,85.0,107.21,12.63,2400.0,255.0,3960.0,79.0,104669,,MODERATE short-context proxy evidence; still <1 proxy epoch and not long-context evidence.
36,confirmation,dense-kda1-confirm-s2027,ok,,1292.5006978109996,16777216,16777216,1.0,6.19140625,5.546875,13129.24466509312,196208016,196208016,dense,12,12,0,68.4296875,69.0,69.0,83.0,105.995,12.87,2400.0,405.0,3960.0,83.0,110527,,MODERATE short-context proxy evidence; still <1 proxy epoch and not long-context evidence.
37,frontier-transfer,frontier-dense-all-mla,ok,,618.6132192110017,4194304,4194304,1.0,6.08203125,6.08203125,6865.016653355243,482805625,482805625,dense,0,30,0,86.47967479674797,91.0,91.0,100.0,107.94,13.03,1995.0,315.0,2776.0,86.0,116539,,Transfer sanity check; not a full-scale training result.
38,frontier-transfer,frontier-dense-kda1,ok,,624.5444130539981,4194304,4194304,1.0,6.8515625,6.8515625,6813.102820008782,505460905,505460905,dense,15,15,0,88.24193548387096,93.5,94.0,100.0,108.13,13.1,1980.0,330.0,2928.0,87.0,119414,,Transfer sanity check; not a full-scale training result.
39,optimizer,dense-all-mla-opt-apollo,ok,,288.82333736299915,4194304,4194304,1.0,6.0234375,6.0234375,14840.597364737587,192143616,192143616,dense,0,24,0,76.6140350877193,77.0,77.0,90.0,106.42,13.07,2280.0,360.0,3848.0,86.0,122331,,SHORT optimizer scout; rerun finalists with matched schedule/seeds.
40,optimizer,dense-all-mla-opt-muon-5e-3,ok,,298.7116141419974,4194304,4194304,1.0,5.875,5.875,14317.29246032489,192143616,192143616,dense,0,24,0,78.13559322033899,79.0,79.5,90.0,108.89,13.2,2340.0,600.0,4502.0,86.0,123756,,SHORT optimizer scout; rerun finalists with matched schedule/seeds.
41,optimizer,dense-all-mla-opt-muon-1e-2,ok,,296.95951937000063,4194304,4194304,1.0,5.921875,5.921875,14435.538908331262,192143616,192143616,dense,0,24,0,76.9322033898305,77.0,77.0,90.0,111.22,12.74,2370.0,210.0,4502.0,86.0,125242,,SHORT optimizer scout; rerun finalists with matched schedule/seeds.
42,optimizer,dense-all-mla-opt-muon-2e-2,ok,,294.9221141529997,4194304,4194304,1.0,6.015625,6.015625,14498.008959047242,192143616,192143616,dense,0,24,0,77.50847457627118,79.0,79.0,90.0,113.83,12.82,2400.0,210.0,4502.0,86.0,126705,,SHORT optimizer scout; rerun finalists with matched schedule/seeds.
43,mtp,dense-all-mla-mtp-none-s1337,ok,,558.3473242839973,8388608,8388608,1.0,5.984375,5.75,15245.786269296155,192143616,192143616,dense,0,24,0,79.33333333333333,80.0,80.5,88.0,113.97,13.04,2400.0,405.0,3848.0,84.0,128157,,MTP ablation under current implementation; inference speedup not yet realized.
44,mtp,dense-all-mla-mtp-none-s2027,ok,,555.9808597260053,8388608,8388608,1.0,5.93359375,5.76171875,15332.237020497345,192143616,192143616,dense,0,24,0,77.7909090909091,77.5,78.0,88.0,112.545,12.82,2400.0,390.0,3848.0,81.0,130814,,MTP ablation under current implementation; inference speedup not yet realized.
45,mtp,dense-all-mla-mtp-low_rank-s1337,ok,,691.191967978004,8388608,8388608,1.0,5.94921875,5.734375,12280.501215351831,192734208,192734208,dense,0,24,1,80.84671532846716,82.0,82.5,98.0,116.32,12.81,2400.0,390.0,3934.0,82.0,133449,,MTP ablation under current implementation; inference speedup not yet realized.
46,mtp,dense-all-mla-mtp-low_rank-s2027,ok,,666.2203284339994,8388608,8388608,1.0,5.9375,5.73828125,12800.339153955396,192734208,192734208,dense,0,24,1,85.74242424242425,85.0,85.0,98.0,120.255,12.78,2400.0,285.0,3934.0,84.0,137801,,MTP ablation under current implementation; inference speedup not yet realized.
47,mtp,dense-all-mla-mtp-deepseek-s1337,error,transformer_engine_fp8_alignment,4.311336924001807,8388608,0,0.0,,,,200282944,200282944,dense,0,24,1,0.0,0.0,,0.0,12.39,12.39,285.0,285.0,14.0,57.0,141006,,INCOMPLETE/FAILURE: never compare final quality as if full-budget.
48,mtp,dense-all-mla-mtp-deepseek-s2027,error,transformer_engine_fp8_alignment,4.319839184994635,8388608,0,0.0,,,,200282944,200282944,dense,0,24,1,0.0,0.0,,0.0,11.19,11.19,315.0,315.0,14.0,53.0,141141,,INCOMPLETE/FAILURE: never compare final quality as if full-budget.
